安装软件简单	0,4 1
通话音质清晰	0,4 1
音量很大	0,2 1
对焦快	0,2 1
我觉得动画比较有意思	3,5 1
手写识别灵敏度高	0,7 1
但其他条件下的拍摄就不怎么好了	7,9 -1
游戏音乐轻快	0,4 1
功能丰富实用	0,2 1
份量也不轻	0,2 -1
二是功能齐全	2,4 1
输入法自带的就很不错	0,3 1
短信输入还算凑合	0,4 1
高倍光变后的照片清晰度层次感很不好	6,14 -1
感觉一英寸大底确实不错	-1,-1 1
屏幕实在是太惊艳了	0,2 1
脚架环拆装很方便	0,5 1
按键的手感非常得好	0,5 1
小还配备了独立的扬声器	8,11 1
显示效果出众	0,4 1
新的接口小巧得多了	2,4 1
白色的屏幕尺寸大小适中	3,7 1
的画面色彩很艳丽的感觉	1,5 1
有铃声太小的问题	1,3 -1
查找联系人不方便	0,5 -1
音色尚算清晰	0,2 1
但每个键的尺寸都很大	3,7 1
显示效果细腻	0,4 1
屏幕太小	0,2 -1
声音太小	0,2 -1
屏幕大小适中	0,4 1
它的键盘背景灯也很有特色	2,7 1
屏幕的分辨率很低	0,6 -1
这样的配置使得在铃声的表现力方面还是比较的丰富多彩的	8,16 1
接收能力很强	0,4 1
像素不错	0,2 1
手机不算大	0,2 1
和弦清脆	0,2 1
能选择的铃声不多	4,6 -1
手机图片编辑功能丰富多样	0,8 1
软件兼容性也很好	0,5 1
信号没别人说的那么差	0,2 1
这个功能还是十分的方便实用的	2,4 1
但是音质相当好又大声	2,4 1
按键很好看	0,2 1
色彩太棒了	0,2 1
刚刚入手一款联想外观大气寸屏幕显示效果中上吧	8,10 1
电池还是不太够	0,2 -1
该机采用了一块英寸万色高分辨率屏幕	12,15 1
默认锐度和色彩鲜度都一般	2,4 -1
功能较全	0,2 1
声音也很大	0,2 1
的拍照功能不能说特别出众	1,5 -1
色彩迷人	0,2 1
但是这些游戏总体而言还是十分缺乏新颖性的可玩性一般	20,23 -1
重力非常不灵	0,2 -1
播放的视频格式与音乐格式太少	3,7 -1
此机最大的问题便是触摸键太灵敏了	9,12 -1
但色彩油润的多	1,3 1
字体偏小	0,2 -1
笔者感到音质效果所达到的水平也只能说一般	4,8 -1
显示图片清晰	0,4 1
笔尖太细	0,2 -1
内存比大	0,2 1
屏幕滑动不灵活	0,4 -1
功能还可以	-1,4 1
这款手机电池虽然容量并不是太高	-1,-1 -1
不过的速度表现也不好	3,7 -1
很实用的功能	4,6 1
一般介面相当可爱	2,4 1
丰富的按键设计	3,7 1
所以感觉音质很不错	4,6 1
当时宣传对焦更快	4,6 -1
短消息我觉得比苹果方便	0,3 1
速度快我买来还没死机过	0,2 1
翻盖的听筒也是外观上的一个亮点	0,5 1
录音的效果我很满意	0,5 1
手机的各种功能设计的都非常的合理和人性化	0,7 1
成像效果不用说非常好	0,4 1
强大的功能扩展性	3,8 1
铃声的音量很小	3,5 -1
感觉还不错	-1,-1 1
正常运行速度比之前买的山寨机好多了山寨机都是假的	2,6 1
显示屏较大	0,3 1
下载的铃声因固定分配的存储空间小而不完整	11,15 -1
超大容量的电话簿	5,8 1
外观质朴小巧	0,2 1
外形优雅精致	0,2 1
价格便宜	0,2 1
外壳的接合处还比较紧	0,6 1
为啥选里程碑开始很流畅	-1,-1 1
高感太夸张了	0,2 -1
电池比较耐用	0,2 1
重量为克的背夹具有丰富的功能	12,14 1
较大的相机体积	5,7 1
电池的确很吓人的	0,2 -1
以前用三星的感觉屏幕很好很牢靠	8,10 1
的大光圈相机进光确实不错	4,6 1
的外形总的来说是蛮漂亮的	1,3 1
还好的成像效果比较清晰	3,7 1
手感不错	0,2 1
白天照相挺清楚的	2,4 1
图像发送步骤简单	0,6 1
系统操作流畅	2,4 1
就是后盖的设计太丑了	2,7 -1
部分部件采用了做工精良的拉丝金属材料	7,9 1
使机身线条非常圆滑	1,5 1
内存小	0,2 -1
外观很漂亮	0,2 1
原配耳机效果非常的好	2,6 1
还有一个就是画面不够清晰锐利的问题	6,8 -1
但在低音方面表现得差强人意	2,6 -1
手机外观很漂亮	2,4 1
象素的摄象头更是一个非常理想的配置	3,6 1
点触控也不错	0,3 1
但耐磨性就差多了	1,4 -1
按键比较大	0,2 1
做工精细	0,2 1
通话质量好	0,4 1
整体观感现代感很强	0,4 1
给用户带来了很好的操作方式	9,13 1
焦点准确	0,2 1
发现整个机器很好看	-1,-1 1
在整体感上还更胜一筹	1,4 1
最大的不爽是充电太不方便了	6,8 -1
画面细腻	0,2 1
音质特好不要看高低音扩展	0,2 1
拍摄短片声音失真	0,6 -1
打造极强立体声效的同时	4,8 1
虽说流畅程度不错	2,6 1
首先最大的一个缺陷就是机子做工和质量不行	13,15 -1
通话音质比较好	0,4 1
达到了外型设计和功能的完美结合	3,7 1
简单明了的设计风格一直是诺基亚直板机的主流	5,9 1
第三信号和通话质量也欠佳	2,4 -1
有些字体设计有点丑了	2,6 -1
视觉效果震撼	0,4 1
屏幕显示细腻	0,4 1
但是对紫边的控制绝对是数一数二的	3,8 1
独特的曲线型设计	3,8 1
触摸屏手感很好	0,5 1
照片很清晰	0,2 1
对焦较快	0,2 1
手写功能强大	0,4 1
重量轻了	0,2 1
因为外形太丑也许是个人喜好	2,4 -1
闹钟延时不方便	0,2 -1
录像也还可以	0,2 1
导航比较清楚	0,2 1
但是屏幕很大	2,4 1
黑色的外观给人大气的感觉	3,5 1
内置存储空间太小	0,6 -1
没有个性化短信提示音	5,10 -1
铃声调到最大时非常大	0,2 1
成像锐利	0,2 1
信号稳定	0,2 1
拍照功能和效果比较强大	0,4 1
按键手感不错	0,4 1
其他功能方面也很突出	0,6 1
外键盘灯的设计个人认为不是很科学	0,4 -1
性价比在所有洋品牌中来说是最好的	0,3 1
反应速度可以	0,4 1
色彩显示不错	0,4 1
系统流畅没的说	0,2 1
缺点是做工差了点	3,5 -1
软件界面简单	0,4 1
按键的设置个人觉得很科学	0,5 1
兼容性较强	0,3 1
手机震动不够强	0,4 -1
红外线方面和三星的机器连接时效果不错	0,3 1
三星的屏幕向来效果出众	3,5 1
索爱的全局画面完胜	5,7 1
不过功放一般	2,4 -1
层次感相当丰富	0,3 1
强大的商务娱乐功能	3,9 1
开机读卡速度比较慢	4,6 -1
可玩性挺高	0,3 1
冲电器太牛了	0,3 1
屏幕是的可视度比好	4,7 1
按键手感不错	0,4 1
手感非常好	0,2 1
杂音很小	0,2 1
但是此时对焦成功率比无敌兔高太多太多了	4,9 1
让拥有更加广泛的软件扩展	8,12 1
屏幕分辨率低	0,5 -1
感觉菜单比合理	2,4 1
光度适中	0,2 1
空间太小	0,2 -1
输入速度较快	0,4 1
备忘录功能强大	0,5 1
待机或通话时耗电很少	6,8 1
电池部位就特别热	0,4 -1
机身轻巧	0,2 1
关机闹钟自动开关机功能比较实用	0,4 1
来电钤声音量不稳定	0,6 -1
厚度也适中	0,2 1
录音灵敏度高	0,5 1
软件使用还可以	0,2 1
总得来说谷歌太子感觉还是不错的	-1,-1 1
拼音和笔画都很好用	0,2 1
非常成功的设计	5,7 1
成像最新最好	0,2 1
反应速度和效果都很棒	0,4 1
那的短信功能就更加人性化了	2,6 1
无线网络连接的也一般	0,6 -1
短信功能强	0,4 1
还原度好	0,3 1
机身太厚	0,2 -1
的低端彩屏机公认是效果差的了	9,11 -1
成像效果方面表现相当不错	0,6 1
虽然这两款游戏的可玩性尚可	5,11 1
优秀良好的滑槽可以带给用户舒适的操作享受	5,7 1
和弦铃声听起来还比较清澈悦耳	2,4 1
该款手机电池性能一般	4,8 -1
娱乐功能相对比较单调一些	0,4 -1
配长焦机身偏小	3,5 1
屏幕艳丽	0,2 1
性能还可以	0,2 1
当然也有优点清晰照相还行网速还可以	8,10 1
游戏数量较少	0,4 -1
完美的音乐表现	3,7 1
做工比较精致	0,2 1
手感不错	0,2 1
以及简洁明快的按键设计	7,11 1
待机时间尚可	0,4 1
系列的画质一般	3,5 -1
索爱手机采用了色的彩色的大显示屏	13,16 1
锂电池兼容性不够强	0,6 -1
屏幕的效果让我很满意	0,5 1
里面我个人觉得比较实用的功能是相框和快捷键功能	15,17 1
这全部要得意于优秀的外壳材质和精良的手机做工	10,14 1
变焦也和顺畅	0,2 1
开机处设计真的很失败	0,5 -1
高感下的画质很优秀	4,6 1
铃声音量小	0,4 -1
而且手机的功能菜单等各方面的设计比较人性化	5,7 1
拍摄音稍闷	0,3 -1
音响效果不错	0,4 1
铃声屏幕俱佳	0,4 1
但价格昂贵	1,3 -1
后台运行特么费电	-1,-1 -1
声音太小	0,2 -1
扩展功能强	0,4 1
后盖不严	0,2 -1
发热一般	0,2 -1
外观尽显专业气质	0,2 1
屏大经验	0,1 1
铃声音量不是太大	0,4 -1
连拍强大	0,2 1
通话效果及信号很好	0,4 1
声音清楚而且大	0,2 1
按键反应速度有一点慢	0,6 -1
但实际功能很实用	1,5 1
软件应用很流畅	0,4 1
操作手感很好	0,4 1
成像也一般	0,2 -1
听筒声音大	0,4 1
听看小电影音质音量还可以啦	5,7 1
性价比高	0,3 1
高质量的喇叭	4,6 1
待机时间稍短	0,4 -1
正面非常帅	0,2 1
响亮的免提通话	3,7 1
通话信号好	2,4 1
魔声音效很震撼	0,4 1
色彩丰富	0,2 1
采用了出众的双彩屏幕设计	6,12 1
其实的设计并没有那么糟糕	3,5 1
对焦比快	0,2 1
二是触屏不是很灵敏	2,4 -1
另外黑莓的桌面管理软件相当于的比较不人性化	5,11 -1
待机也极为耗电	0,2 -1
保证了的良好扩展性	6,9 1
用户在使用时也会感受到机身的细腻	11,13 1
其图片显示的较为逼真清晰	1,5 1
老爸说字好大	3,4 1
灵敏度高	0,3 1
音响效果也很好	0,4 1
音质方面是差了点	0,4 -1
自动白平衡没有准	0,5 -1
设计也很棒	0,2 1
外观较时尚	0,2 1
听筒声音好	0,4 1
合并全景照片各种有趣的画框较高内存容量让不是专业的数码拍照手机用户使用起来得心应手	15,19 1
特色当多媒体工具使用感觉很爽	8,12 1
铃声低音丰富	0,4 1
续航能力只能算一般	0,4 -1
待机时间短	0,4 -1
配合的界面非常炫	3,5 1
同时手机屏幕的显示效果也是十分的令人满意的	7,11 1
特色也很明显	0,2 1
而且键盘背景灯颜色很暗	2,9 -1
色彩鲜明细腻	0,2 1
手机的拍摄功能非常的强大	3,7 1
但本人觉得效果不明显	5,7 -1
成像属于最好的一类	0,2 1
按键感觉非常舒适	0,2 1
另外拍摄模式也很少	2,6 -1
充电快	0,2 1
耳塞还行	0,2 1
仅运行内存性能表现不会太强虽然采用了全新的架构	3,7 -1
待机时间还可以	0,4 1
信号接收能力强	0,6 1
闹铃响铃时间不足	0,6 -1
造型明显成熟	0,2 1
也就是照的相片比以前的清楚些	5,7 1
层次分明	0,2 1
早前的诺基亚机在网上被批机身发热及电池不给力	12,14 -1
这项功能确实很有用	2,4 1
色彩灰常鲜艳真实	0,2 1
商务功能一应俱全	0,4 1
还有动态磁帖非常酷炫	2,6 1
反倒是接挂电话的两个按键不大好用	10,12 -1
铃声音量大	0,4 1
动画屏保还可以	0,4 1
每个细节都一丝不苟	2,4 1
字太大	0,1 -1
小的美丽外形	-1,-1 1
来电铃声超大	0,4 1
而且效果不好	2,4 -1
最后就是电池待机时间表现一般	4,10 -1
导航功能很好	0,4 1
机身手感一般	2,4 -1
就感觉出来的片子更糟	6,8 -1
烦人的短信住逐行阅读方式菜单	3,12 -1
弧线圆滑外型简约又不失张扬	4,6 1
声音清晰	0,2 1
不如做工好	2,4 -1
无线方面感觉接收要强点	0,4 1
来电铃声音量低不知道是不是喇叭装在手机背部的原因所致	0,6 -1
音色纯正而丰富	0,2 1
质量很好	0,2 1
操作也不够准确	0,2 -1
我只能说正常咯	-1,-1 1
手机运行还是非常流畅	2,4 1
设计不错	0,2 1
机身后的闪光灯很漂亮	4,7 1
手持使用的手感较好	5,7 1
操作方便	0,2 1
的外观给人简单干练的感觉	1,3 1
彩色待机图片颜色均匀	4,8 1
应用体验经过优化的安卓系统体验非常好	11,15 1
做工不如其他国际品牌精致	0,2 -1
速度及慢	0,2 -1
电话簿功能还可以	0,5 1
扩展性强	0,3 1
效果也很不错	0,2 1
性能貌似也不弱	0,2 1
视频能力强	0,4 1
确实看起来没帅气	-1,-1 -1
通话质量很好	0,4 1
色彩浓郁	0,2 1
而且外屏周围的椭圆形设计也很漂亮	2,12 1
铃声很小	0,2 -1
显示效果十分的令人满意	0,4 1
独特的分级词汇功能	5,9 1
并且外壳好像很容易磨损	2,4 -1
摄像也是差不多的	0,2 1
第一次用它的键盘时竟然觉得太生硬了	6,8 -1
的做工还是非常精致的	1,3 1
铃声也很大	0,2 1
全键盘的按键太难用了	4,6 -1
摄像头还可以	0,3 1
真的就是系统慢了点	4,6 -1
磨砂后背手感巨佳	4,6 1
软件软件兼容性上面有些不爽	2,7 -1
还有就是电池不是很耐用	4,6 -1
音质清晰	0,2 1
听筒的音量一般或者说小	0,5 -1
强大的商务功能	3,7 1
闪光灯形同虚设	0,3 -1
游戏的耐玩性太差	0,6 -1
播放有声动画也比较顺畅	2,6 1
笔尖和保护贴之间有点涩	0,6 -1
她迷幻的色彩打动了无数人的心	4,6 1
低频和高频部分表现就稍差	0,7 -1
音量也够高	0,2 1
彩色偏暗黑	0,2 -1
屏幕大	0,2 1
幸好其他铃声声音还不错	4,8 1
键位设置不如全副方便	0,4 -1
的内存显然是不够的	1,3 -1
并且具有良好的红外兼容性	7,12 1
手机厚度虽然比现在的有些超薄手机略厚	2,4 -1
待机时间实在是不敢恭维	0,4 -1
但是界面华丽绝无卡顿	2,4 1
机身异常简约	0,2 1
跟踪对焦很有趣的对焦方式	8,12 1
后盖有点软	0,2 -1
所以整体色彩表现一般	2,6 1
变焦阻尼手感还行	0,6 1
拍摄效果果然是差	0,4 -1
大确实是很不错的一款核强机	-1,-1 1
屏幕设置很灵活	0,4 1
系统流畅程度不错	0,6 1
整体感觉也还成	0,4 1
机身契合严密	0,2 1
对焦挺准的	0,2 1
另一个就是其自带内存太小了	8,10 -1
数字键盘设计外形别致	0,8 1
的机身看上去没有以前的版本那么厚重扎实	1,3 -1
清晰的通话音质	3,7 1
不过感觉快门很涩	4,6 -1
屏幕可视角度大	0,6 1
供货商的防伪标签很讨厌	4,8 -1
手感不错	0,2 1
握持不舒服	0,2 -1
的大屏真的太霸气了	1,3 1
运行流畅	0,2 1
连接电脑上传资料的软件还不够人性化和方便	9,11 -1
信号不好	0,2 -1
分辨率也不高	0,3 -1
内存大	0,2 1
具体说就是对比度差	5,8 -1
也就是说红外线的操作简单易用	4,10 1
收音机的效果不错	0,6 1
磨沙的外壳不易留下指纹	-1,-1 1
整体感觉这四款游戏可玩性比较一般	7,12 -1
手感好	0,2 1
游戏比多	0,2 1
通话质量差这点最不能忍受和诺基亚不是一个级别的现在打电话都要狮吼对方才能挺清楚	0,4 -1
因为画面立体感已十足	2,4 1
功能够实用	0,2 1
都是很好的机子	-1,-1 1
铃声音效悠扬洪亮	2,4 1
拍照键有点小	0,3 -1
附带的音乐也响亮	3,5 1
软件也不少	0,2 1
震动也太软	0,2 -1
因此在传音乐文件时速度比较慢	9,11 -1
因此使得屏幕画面不够精细	4,8 -1
质量感觉不错	0,2 1
二是体型偏大了	2,4 -1
整机设计线条简洁不失流畅	0,6 1
还有值得赞一下的就是两机器的都很好	-1,-1 1
按键反应速度有一点慢	0,6 -1
诺基亚是一款综合素质比较出众的音乐机型	15,19 1
电话本查询麻烦	0,3 -1
而且按键的整体手感有些生硬	5,9 -1
而且由于屏幕的尺寸小	4,9 -1
因为它的功能很不错	4,6 1
其他功能也很实用	2,4 1
新的数据接口更小	2,6 -1
的闹钟功能在时间安排上设计得非常人性化	1,5 1
耳机质量不好	0,4 -1
某些设置过于简单	2,4 1
样子讨人喜欢	0,2 1
功能很强大	0,2 1
但是在手机的这个屏幕上显示的字体过小	11,16 -1
耗电量大	0,3 -1
照相有点失望	0,2 -1
音量大	0,2 1
简单易用其实智能机你只要看过扫盲贴都简单易用黑莓的简单体现在不需要签名刷机的时候比起非大陆行的也方便一点	-1,-1 1
我觉得真的很大气	-1,-1 1
是颜色表现更舒服	1,3 1
屏幕真的很清楚	0,2 1
升级慢	0,2 -1
色彩还原程度令人咋舌	0,6 1
色彩饱满	0,2 1
手机的音质中频表现还可以	3,7 1
高感也不错	0,2 1
高感的确惊艳	0,2 1
一般的实用工具还是比较齐全的	3,7 1
松下的对焦速度太爽了	3,7 1
但实际使用中按键偏小	6,8 -1
要知道信号好可是的招牌	3,5 1
电容触摸屏爽快大屏幕	2,5 1
外放的声音手机外放无音质可言烂	0,5 -1
对音色的还原能力较好	1,8 1
而且短笔太短	2,4 -1
桌面很干净	0,2 1
操作系统复杂	0,4 -1
相机确实很牛	0,2 1
专业音乐播放	2,6 1
手机造型美观	0,4 1
但铃声品种单一	1,3 -1
总体来看拍照的各项功能齐全实用	4,11 1
备忘录功能还不错	0,5 1
性能很强大	0,2 1
电池太渣	-1,-1 -1
户外模式音量太小	0,6 -1
菜单的延迟现象有些明显	0,7 -1
所以精确度很高	2,5 1
这也从另一个侧面体现出电源管理系统的出色	11,17 1
握感很舒服	0,2 1
娱乐性能强大	0,4 1
效果好	0,2 1
还有后盖特容易脏	2,4 -1
比较做工比较紧实	2,4 1
较长的充电完成时间	3,9 -1
的数字键盘部分的按键过于细小	8,10 -1
还有个我没搞明白的就是的地图明显老旧于	12,14 -1
来电防火墙非常好用	0,5 1
该机器控噪能力还可以	3,7 1
上网或看短信时文字显示效果不佳	7,13 -1
但是在手里的握持感非常好	6,9 1
它在屏幕尺寸上并不占什么优势	2,6 -1
信号不错	0,2 1
性能稍嫌不足	0,2 -1
但听起来效果还不是那么理想	4,6 -1
而且功能按键排列的过于拥挤	2,6 -1
这款机子从外观上讲充分显示出了优秀精致的做工	20,22 1
就是按键按下去手感不好	7,9 -1
闪光灯也亮	0,3 1
现在价格很好	2,4 1
电话本的容量太小只有条	0,6 -1
太大	-1,-1 -1
不过拍的要比鲜艳点	-1,-1 1
手机很轻薄	0,2 1
另外的快门声大且沉重	3,6 -1
超薄苗条的身材	5,7 1
三菱还具有一个很有创意的功能――内置了精美的像框	22,24 1
游戏数量略显不足	0,4 -1
我的屏幕可视角度很好	2,8 1
拍摄功能的强大使足以媲美一台高端数码相机	0,4 1
原配耳机音质太差	2,6 -1
录制的录像放电脑上清晰	3,5 1
和功能真不错	-1,-1 1
手感不错	0,2 1
读写卡速度慢	0,5 -1
没有后退键不方便	2,5 -1
长的特别漂亮	-1,-1 1
的按键比较柔软	1,3 1
听筒声音也比较大	0,4 1
高感也不比差	0,2 1
信息干扰比较大	0,4 -1
但是那颜色真的太夸张了	3,5 -1
色彩冷	0,2 -1
省电模式不错	0,4 1
手机铃声小基本能够忍受	2,4 -1
虽然屏幕的细腻程度不高	2,9 -1
感觉做工也差还好我找到以前的一个诺基亚耳机	2,4 -1
色彩鲜艳	0,2 1
而且其结构简洁清晰	3,5 1
颜色很好	0,2 1
电话本的容量太小只有条	0,6 -1
显示很清楚	0,2 1
噪点控制比好	0,4 1
键盘颗粒比要大	0,4 1
但是实际使用中要比快很多流畅很多	-1,-1 1
对这款功能几乎完善的机子	3,5 1
光线暗出来的效果也不错	6,8 1
可是那个尴尬的系统	7,9 -1
照大尺寸的照片的时候手机反映速度太慢	10,16 -1
机子整体感觉还可以	0,4 1
键盘手感不错	0,4 1
字又太小了	0,1 -1
的笔画输入很特别	1,5 1
铃声的音量虽然要比大声	0,5 1
分辨率高	0,3 1
画质着实不错	0,2 1
待机时间长	0,4 1
层次感不错	0,3 1
高分辨率决定了其拥有比以往采用分辨率的娱乐机型更精细逼真的画面效果	1,4 1
具有丰富的中文输入联想功能	5,13 1
音频播放我认为应该可以算是它的最大优点了	0,4 1
智能联想输入法非常好用	4,7 1
整个屏幕颜色偏红	2,6 -1
就是色彩比较淡	2,4 -1
总结总体来说非常好	-1,-1 1
体积有点大重	0,2 -1
音质清晰	0,2 1
而且音量调节键偏硬	2,7 -1
干净利落的外观会让使用者看起来更加干练	5,7 1
可惜性价比差	2,5 -1
色彩饱和度不佳	0,5 -1
索爱的原配耳机就已经很完美了	3,7 1
整体感觉就是简洁	-1,-1 1
三星的键盘的做工精细	3,8 1
所以个人观点在这方面最优	-1,-1 1
还好服务态度不错	2,6 1
穿透力好	0,3 1
快捷键的搭配也合理	0,3 1
我感觉还是不错的	-1,-1 1
功能自然比一般相机要多许多	0,2 1
小分辨率屏幕无需太亮就很亮丽	4,6 1
出图也没此刻的干净	0,2 1
其实我觉得那个翻转屏挺好	7,10 1
三星确实存在太艳丽	-1,-1 -1
最基本的续航太烂了	4,6 -1
充电接口保护套比较严实	0,7 1
但是便携性较差	2,5 -1
屏幕较小	0,2 -1
铃声效果不错	0,4 1
铃声小到听不见	0,2 -1
所以手机整体的色彩表现力就稍微的差了一点	7,12 -1
显示屏远远好过小五的	0,3 1
尺寸还是比较娇小玲珑	0,2 1
开机速度超快	0,4 1
从简单的几个操作来讲速度比要快	10,12 1
按键偏硬	0,2 -1
双核玩极品飞车非常流畅	-1,-1 1
亲自试试荣耀的操作体验还不错	7,11 1
卡上的文件不方便管理	3,5 -1
平常的介面不太好看	3,5 -1
通话够清澈	0,2 1
侧滑的键盘对我这样经常查英文单词的人来说很实用	3,5 1
造型大气简约	0,2 1
本来准备入手发现实物太小	-1,-1 -1
键盘设计也十分简洁漂亮	0,4 1
三款游戏的可玩性较高	2,8 1
画面的亮度均匀	0,5 1
铃声种类丰富	0,4 1
电话回音大	0,4 -1
的价钱有点高	1,3 -1
而且铃声很大	2,4 1
但强光下拍的照片太暗	6,8 -1
信号不错	0,2 1
相机对焦和成像速度都慢了很多	2,4 -1
上网的流量吓人可能是系统不设防城门都没有	0,5 -1
动作流畅	0,2 1
听筒和外置扬声器配合得不是很好	0,2 -1
连续自动对焦的速度是最差的	0,9 -1
除了高像素之外	3,5 -1
选更多是因为有个据说不太成熟的系统	15,17 1
而上万条的联系人资料存储容量也理所应当的成为手机的一个主要优点	10,14 1
首乐曲的大容量给了用户更广阔的选择空间	5,7 1
再配上太极双色外观设计相当时尚	7,11 1
音质一般	0,2 -1
以及个性化的主题	6,8 1
电话薄的功能就显得很不科学了	0,6 -1
听筒效果也不错	0,4 1
外置扬声器差的没话说了	0,5 1
该机的拍摄功能也比较多	3,7 1
画面色彩细腻	0,4 1
功能全面	0,2 1
色彩灰暗	0,2 -1
同步效果相当不错	0,4 1
拆后盖太太太太太太太不方便	0,3 -1
管理方面可谓非常强大	0,4 1
就能达到非常亮丽柔和的视觉效果	11,15 1
质量实在不敢恭维	0,2 -1
存储速度慢	0,4 -1
正面的金色和银色的快捷操作键做工稍微粗糙了些	14,16 -1
颜色没有的那么艳丽本人感觉的颜色过于失真但是的显示设置里面是有调整颜色的选项的	0,2 -1
但外放效果声音洪亮	1,7 1
机身可使用内存太少了	5,7 -1
软件反应速度慢	0,6 -1
整体键盘手感欠佳	0,6 -1
低感下画质相当干净各	3,5 1
声音饱满	0,2 1
比老婆的显示效果又强出不多少	4,8 1
信号捕捉快	0,4 1
运行速度稍微慢于存储在内存中游戏的速度	0,4 -1
打开网页非常迅速	2,4 1
音效也不错	0,2 1
而在三星当中较为有特色的功能可算是健康这个功能了	12,14 1
或许是触控芯片的灵敏度低	8,11 -1
电话本不好用	0,3 -1
再是黑色比例很协调	4,6 1
发现很好	-1,-1 1
来点闪很有创意	0,3 1
但是的流线风格显然不比差	3,7 1
周边对焦点能用在反差高的地方还是很坚挺	2,5 1
而且屏幕像素颜色位数等指标都很高	2,6 1
光线强度也较大	0,4 1
机子整体感觉不错	-1,-1 1
操作界面虽然说比较简单	0,4 1
且屏幕色彩的过度还原度以及屏幕的亮度饱和度也都是非常的出色	1,8 1
这个体积已经是很理想的了	2,4 1
菜单设计比较合理	0,4 1
这款手机的英语辞典功能很强	5,11 1
数字键布局合理	0,5 1
总体感觉很不错	-1,-1 1
对焦就是比快准	0,2 1
现在市面上的配件很少	6,8 -1
我那台健在的开到最大声音质依然完美	11,13 1
扬声器音量小	0,5 -1
系统运行非常流畅	0,4 1
所以用户还是可以享受相当丰富的手机的拍摄能力	18,22 1
反弹的力度也是表现一般	0,5 -1
机身的操控性能很好	0,7 1
但整体的娱乐性还是比较单调的	1,7 -1
因为经常看到有人说的声音一塌糊涂	10,12 -1
后台程序管理太差	2,6 -1
携带方便	0,2 1
音乐节奏也过于传统	0,4 -1
听筒外放都好	0,2 1
不仅噪点把握的不好	2,4 -1
那个拍照实在是太好了	2,4 1
电话本更是具有条的大容量存储	12,14 1
发现它的信号不错	4,6 1
手机连接电脑真心费劲	2,6 -1
就是现在价格个人感觉还是偏高	4,6 -1
听通筒的音量也不错	0,6 1
音乐按键别具一格	0,4 1
杂音很小	0,2 1
该机最大的一个优点就是待机时间超长	11,15 1
应用列表用字母查询其实也蛮方便的	0,4 1
三菱专利的整体镜面外屏流露出的时尚感觉让人一见倾心	5,11 1
还有就是摄象头的位置不太合理	4,10 -1
音质清晰	0,2 1
内置很多软件很贴心很方便很实用	4,6 1
加上内置华丽的菜单及风格主题	7,9 1
保密功能强	0,4 1
拍照操作简易实用	0,4 1
自动白平衡更准确	0,5 1
屏幕色彩显示效果较差	0,8 -1
相信可以在一定程度上祢补显示效果的不足	12,16 -1
我相信中心点绝对够用	3,6 1
音质一般	0,2 -1
快门声音比我想象的大得多	0,4 -1
听歌比音质好	3,5 1
秉承了时尚高贵的外形设计	8,12 1
感觉音乐目录有点乱	2,6 -1
这项功能还是十分的实用的	2,4 1
摄像效果在像素的手机居于前茅	0,4 1
反应比较准确	0,2 1
手机听筒及外放声音偏小	2,9 -1
声音也小	0,2 -1
娱乐功能相对比较单调一些	0,4 -1
通话质量可以	0,4 1
人脸检测和笑脸拍摄很贴心	0,4 1
游戏免费的不少	0,2 1
效果令人满意	0,2 1
信息量很大	0,3 1
拍照能力差	0,4 -1
机器屏幕确实很华丽	2,4 1
铃声和通话的声音小	0,2 -1
外观霸气	0,2 1
关于照相速度还算可以	-1,-1 1
耳机立体效果较强	0,6 1
万摄像头一般	1,4 -1
网上有不少朋友反映滑盖容易松动	9,11 -1
屏幕超大	0,2 1
纠结的系统	3,5 -1
手机预置的游戏数量和质量都显得比较一般	5,9 1
画质确实比小五提升了	0,2 1
魔幻立方也是华而不实	0,4 -1
就是身材要比诺基亚憨厚的多	2,4 -1
屏幕的分辨率很低	0,6 -1
但由于的体积较小	4,6 1
做工非常好	0,2 1
音效出色	0,2 1
音质一般	0,2 -1
白平衡确实比较有问题	0,3 -1
最致命的是显示像素相对于其配置来说不够高	5,9 -1
的数据线真是太落伍了	1,4 -1
广角时畸变很讨厌	0,5 -1
但驱动有点慢	1,3 -1
电池待机能力一般	0,6 -1
而且电池和手机的密合性不够	2,11 -1
还有就是流畅度没有想象中好	4,7 -1
铃声很细腻	0,2 1
信号也很好	0,2 1
客观的说这机子画质还好	7,9 1
但是每个功能都重规重矩	4,6 -1
高清视频非常流畅	0,4 1
查找电话时操作较繁琐	5,7 -1
后盖结合也很紧密	0,2 1
但操控极快	1,3 1
相机微距对焦很快	0,6 1
手机内留下载铃声的空间太小	0,11 -1
价格也最高	0,2 1
最吸引人的是它英寸的超大屏幕	12,14 1
扬声器有暇疵	0,3 -1
控噪能力很不错	0,4 1
并且自己不喜欢不标准的分辨率	11,14 -1
高象素	1,3 1
屏幕超大	0,2 1
机身内存过小	0,4 -1
而且功能键较密	2,5 -1
充电器与平板连接不是很可靠	0,3 -1
外观小巧圆润	0,2 1
外观不错	0,2 1
信号很强	0,2 1
电力很快不足	0,2 -1
信号不怎么好	0,2 -1
但是总觉得触屏确实用起来比较爽啊	5,7 1
感觉分辨率在寸屏上显示效果不错	9,13 1
城市万花筒很好玩	0,5 1
显示效果十分明显	0,4 1
音效差反正不怎么听歌这个也无所谓	0,2 -1
游戏进入比较慢	0,2 -1
另外听筒的音量也不大	2,7 -1
就像上面说的操作很顺滑	6,8 1
手机系统界面华丽	2,6 1
外放音质尚可	0,4 1
色彩的光亮柔和细腻度都不错	0,5 1
搜索键挺碍事	0,3 -1
电话薄功能做得比较好的	0,5 1
耳机太差	0,2 -1
菜单及界面设计很好	0,2 1
音质没我索爱好	0,2 -1
外型时尚	0,2 1
键盘灯也很漂亮	0,3 1
但是开机速度还是挺快的	2,6 1
金色的标记与黑色的整体搭配非常时尚	9,13 1
自带的拨号程序已经挺不错了	3,7 1
确认退出两个按键不是很方便	6,8 -1
声音清晰	0,2 1
按键的声音大	0,5 1
传输速度还可以	0,4 1
价格实惠	0,2 1
闹钟功能齐全	0,4 1
屏幕惊艳	0,2 1
反映速度超慢	0,4 -1
手机自带的铃声不好听	5,7 -1
软件运行流畅	0,2 1
服务指示灯其颜色都是非常靓丽的	0,5 1
圆润的按钮其实手感很不错	3,5 1
正面光洁的玻璃	5,7 1
听筒声音太小	0,4 -1
我对这个机子的内放音质有点失望	7,11 -1
海尔手机的通话质量一直是很不错的	5,9 1
键盘设计还算简便合理	0,4 1
具有鲜明的个性和典雅的外观	5,7 1
结构紧凑严密	0,2 1
手感很舒服	0,2 1
把锐度和色彩调到最高的效果就还不错	11,13 1
只是控制和手感恐怕没有这么舒服	2,4 -1
显示效果真心很赞	0,4 1
外观没有效果图上的抢眼	0,2 -1
上键则不大好用	0,2 -1
运行速度绝对的流畅	0,4 1
预设铃声太少	0,4 -1
信号不好	0,2 -1
各频段的音色表现也十分出色	4,6 1
通话声音实在太小	0,4 -1
短信提示音单调	0,5 -1
华盖也很设计的也很好	0,2 1
通话效果不错	0,4 1
操纵不方便	0,2 -1
后面下了点小游戏画面绝对完美	6,10 1
低感不纯净	0,2 -1
音质佳	0,2 1
屏幕超靓	0,2 1
待机时间短	0,4 -1
价格还是可以	0,2 1
的屏幕很霸气	1,3 1
所以感觉按键排列得太过密集了	4,6 -1
低感下画质较肉	3,5 -1
而且这款摩托罗拉手机的内部屏幕显示效果也不是十分的令人满意	15,19 -1
操控方便	0,2 1
个人觉得收音功能是最实用的	4,8 1
那么墙纸的可视面积非常的大	2,9 1
在嘈杂的环境中打电话效果不好	7,12 -1
按键有些硬	0,2 -1
做工不太好	0,2 -1
同时具有强大的多媒体功能	7,12 1
而且拍照速度很快	2,6 1
而它的短信功能也是值得称赞的	3,7 1
打电话查号码确实不便	0,3 -1
电池使用寿命短不过该机器已经设计了外接电源的线孔	2,6 -1
噪点也不明显	0,2 -1
下载铃声的空间太小	5,7 -1
但玩起游戏来耗电实在太快了	6,8 -1
万像素对于一般用户来说足够了	1,3 1
太薄易摔坏易磨损	-1,-1 -1
电池就一般般	0,2 -1
这样一来不仅让人感觉屏幕的对比度更高了	10,16 1
唤醒屏幕的开关机键忒小了	5,9 -1
录像效果很爽	0,4 1
但体积不小	1,3 -1
铃声太小	0,2 -1
和弦的铃声声音清澈	3,7 1
效果不错	0,2 1
屏幕上面的面积过大	5,7 -1
连拍速度比下降一半的确很意外	0,4 -1
系统很流畅	0,2 1
制造精细	0,2 -1
这款手机的说明书写得实在很不详细	5,8 -1
还带了点自动对焦点对焦速度不错	9,13 1
听歌的音质还是可以的	3,5 1
机身轻巧	0,2 1
但是这款手机的耳机输出功率比较小	7,13 -1
就是紫边太严重	2,4 -1
但是有不少软件都不顺	5,7 -1
手感也很好	0,2 1
手感不错	0,2 1
简约而不失时尚的外型靓丽的屏幕和舒适的手感	8,10 1
整机做工优秀	2,4 1
我认为一年前的的用户体验绝对不差	8,12 1
给力的色彩	3,5 1
但是通话质量真的很好因为我只用一张的卡所以暂时没发现那个用大卡爆音的问题	2,6 1
屏幕的色彩表现力色彩的层次感很出色	3,8 1
由于巧妙的外形造型使得给人的整体印象依然十分小巧	5,9 1
外接闪光灯真丑	0,5 -1
外型好看了	0,2 1
整机也偏小一点	0,2 -1
有铃声太小的问题	1,3 -1
触感很好	0,2 1
握感不是十分的充盈	0,2 -1
摄像还马马虎虎	0,2 -1
电话本功能强大	0,5 1
当然的优势在于对得更准	-1,-1 1
而且配件的质量都还不错	2,7 1
穿透力也不错	0,3 1
外形确实有点大了	0,2 -1
屏幕大	0,2 1
待机时费电也很快	3,5 -1
保证画质细腻	2,4 1
当然的很多手势操作很人性化	5,9 1
话筒还可以	0,2 1
画质锐利	0,2 1
灯光效果很炫	0,4 1
电池的确一般	0,2 -1
三菱拥有炫酷的外形	7,9 1
锋利的成像	3,5 1
其可玩性还是比较令人满意的	1,4 1
但是三星的全时手动对焦非常方便	7,11 1
手感很好	0,2 1
摄像效果只能说一般	0,4 -1
但拿在手里握持感非常好	5,8 1
屏幕保护设置简单适用美观	0,6 1
但是书写时手感既涩且硬	2,7 -1
时钟功能很好用	0,4 1
待机时间短	0,4 -1
是做工厚实	1,3 1
虽然在户外环境下色彩还原图像层次感较好	8,12 1
外观炫酷	0,2 1
其实它的外观很简约	4,6 1
室内室外通话均十分清晰	4,6 1
游戏方面太烂	0,4 -1
铃声效果很好	0,4 1
色彩偏暖	0,2 -1
全键盘比想象中的要小不少	0,3 1
和弦铃声够大	0,4 1
这么好看的外观为什么拍照效果十分一般其实算是不错了但是个人觉得配不上这个价位和外观应该有的拍照效果	5,7 -1
屏幕很好	0,2 1
颜色看起来还可以	0,2 1
目前市场价格还是比较高	4,6 -1
各类中的按钮设计混乱	4,8 -1
手机漂亮的说	-1,-1 1
电池很给力	0,2 1
短信功能非常实用	0,4 1
铃声穿透力不是很足够	0,5 -1
输入法切换很不方便	0,5 -1
菜单弹出的速度较慢	5,7 -1
来电铃声音量也够大	0,6 1
每秒张的连拍速度在同价位机身中很值得赞赏	4,8 1
软件不是很稳定	0,2 -1
耳机播放音质不错	0,6 1
使拍照时手机持握感很强	4,9 1
磨砂质感手感出色	4,6 1
还是诺基亚的信号好啊	6,8 1
配置高	0,2 1
但是充电很快的	2,4 1
摄象还算可以	0,2 1
主要是因为色散控制不好的原因	5,9 -1
的对比对焦显然没有的相位对焦快	3,5 -1
拍摄效果不错	0,4 1
金属外壳当然很值得一提啦	2,4 1
摄像头旁的补光等亮度还可以	5,10 1
的照相功能比较全面	1,5 1
收音机效果不错	0,5 1
即使冲印成寸照片也是效果出众	10,12 1
摄像头的效果不好	0,6 -1
背光效果非常好	0,4 1
下载铃声方式太单一	0,6 -1
操作十分简单	0,2 1
屏幕没的说清晰细腻真实对比	0,2 1
屏幕面积较大	0,4 1
不过当我使用真机的时候发现这台相机的操纵十分方便	18,20 1
虽然手机的尺寸并不算很薄	5,7 1
中文输入法反应比较缓慢	0,7 -1
它的机身略长	2,4 -1
外观漂亮时尚	0,2 1
实际应用的色彩层次感较强	5,10 1
照远景效果比许多机子差	0,5 -1
令人称赞的工业设计水准	5,11 1
对比度好	0,3 1
不过稍感遗憾的是各按键之间的缝隙有些大	14,16 -1
屏幕分辨率高	0,5 1
运行速度令人满意	0,4 1
高感尚可	0,2 1
但是在使用时的介面却比较方便	7,9 1
速度上比只能用的卡要快	0,2 1
字体偏小	0,2 -1
首先感觉字就小了不少	4,5 -1
系统非常稳定	0,2 1
内存不是很大	0,2 -1
手感不错	0,2 1
只是音量不是很大	2,4 -1
按键宽大	0,2 1
质量好	0,2 1
电池电量还算够用	0,4 1
太阳下拍人像非常有优势	4,6 1
而且动画比韩系手机好太多了	2,4 1
对焦慢	0,2 -1
电池图标显示不准确	0,4 -1
触感也非常不错	0,2 1
并且以其独特的双面式设计	10,12 1
位于屏幕下方的上网键很碍手	7,10 -1
铃声效果悠扬动听悦耳清脆	0,4 1
信号都蛮好	0,2 1
外形佳	0,2 1
操作有些不方便	0,2 1
总体来讲的声音效果算是中规中矩	5,9 -1
外型还可以	0,2 1
此功能形同虚设	1,3 -1
但是屏幕的亮度还是不错的	2,7 1
三防也不错	0,2 1
动态磁贴更新不及时	0,4 -1
播放影像速度不错	0,6 1
手感极好	0,2 1
中间四个方向键也不是太灵敏	2,7 -1
这是个没有让我失望的手机	-1,-1 1
待机时间还可以	0,4 1
其待机时间还是较为令人满意的	1,5 1
电池耗电速度比快	0,6 -1
声音不是很响亮	0,2 -1
电池太不耐用	0,2 -1
拍摄动画是强项	0,4 1
信号很稳定	0,2 1
随机所送配件太少	4,6 -1
反应快是当然的	0,2 1
最大的优点就是性价比	7,10 1
做工和外形都不错	0,2 1
手机存储量大	2,5 1
外形漂亮	0,2 1
还是从色彩上都让人怦然心动	3,5 1
拍照成像快	2,4 1
手写识别率高	0,5 1
整体的游戏娱乐性并不是很强	0,8 1
摄像头像素太低	0,5 -1
显示效果不错	0,4 1
手感不错	0,2 1
而且我觉得颜色也还不错	5,7 1
摇杆操作灵活	0,4 1
待机时间短	0,4 -1
屏幕靓丽	0,2 1
配置比高	0,2 1
反应速度快系统简单了傻快傻快	0,4 1
系统扩展性能差	2,6 -1
耳机的音乐效果表现也很不错	3,7 1
四方向导航键还不错	0,6 1
而且预设的张待机图片很是可爱	6,10 1
整体亮度稍显不足	0,4 -1
外形是漂亮的	0,2 1
不过从实际体验感觉其拍摄长度表现较为一般	10,14 -1
电池不耐用	0,2 -1
造型比较别致	0,2 1
听筒有点难看	0,2 -1
虽然分辨率差点	2,5 -1
紧凑的按键设计	3,7 1
按键位置比较合适	0,4 1
做工很不错	0,2 1
空间感不强	0,3 -1
反应速度虽然算是比较快了	0,4 1
边角按键显小	0,4 -1
手写笔太轻太短	0,3 -1
锐度好	0,2 1
原装电池续航能力不敢恭维	2,8 -1
但的屏幕要的就是清澈透亮	2,4 1
左侧上部设计很是特别	4,6 1
这样的群组空间足够大了	3,7 1
内置的相机功能很丰富	3,7 1
机震比大	0,2 1
总体界面不错	2,4 1
识别率高	0,3 1
和弦铃声的表现浑厚有力	0,4 1
它的电子手动对焦很好用	2,8 1
声音就小很多甚至听不见了	0,2 -1
颜色过渡不是很好	0,4 -1
电池好	0,2 1
立体感特别强	0,3 1
短信容量大	0,4 1
特别是手感真好	-1,-1 1
手机样子设计得不错	0,4 1
寸的显示屏幕给人感觉相当的大气	2,6 1
价格相对要便宜	0,2 1
尤其是照的大尺寸照片时效果也是非常不错的	11,13 1
机子比想象中的更大	-1,-1 1
精度有提升	0,2 1
由于受到机身体积过小的影响	4,8 -1
反应也慢	0,2 -1
速度还不错	0,2 1
夸张的自拍镜	3,6 1
设计新颖	0,2 1
屏幕偏暗	0,2 -1
那个指环挺漂亮的	2,4 1
待机时间实在是不敢恭维	0,4 -1
再就是拍摄存储间隔时间太长	3,11 -1
硬件质量无敌	0,4 1
该机的侧键功能也不错	3,7 1
没见过这么耐用的电池	8,10 1
但实际外观也很小巧	3,5 1
只是速度较慢	2,4 -1
拍照跟屏幕相对好点	0,2 1
屏幕很漂亮	0,2 1
成像质量一般般	0,4 -1
外观真不是怎么很好看	0,2 -1
总体感觉挺不错	-1,-1 1
不过也同意其他网友说的画质不是很油润鄙人在室内用的多灯光杂且色温很乱用光高手若觉得它很油润请你板砖啊	11,13 -1
减噪不错	0,2 1
在视觉上感觉屏幕很大	6,8 1
色彩也很好	0,2 1
就是屏幕感觉有点暗	2,4 -1
波导女人星手机转轴的设计良好	5,12 1
内存也小得可怜	0,2 -1
套头成像颜色偏冷	2,6 1
由于两侧的快捷功能按键都是突出的	5,11 1
挺好用的谁用谁知道哦	-1,-1 1
感觉显示效果稍稍强过	2,6 1
只有从机顶看觉得造型怪异些	8,10 -1
它不光存储容量大可选择的模式多	3,7 1
黑色面板银色边框的的设计看上去稳重大方	10,12 1
字太大	0,1 -1
显示效果好	0,4 1
如果能忍受它缓慢的存储速度的话	9,13 -1
手感的分量还是蛮足的	0,2 1
操作方法简单便捷	0,4 1
其体积和一样比较小巧	1,3 1
拍摄清楚	0,2 1
电容屏用起来还是蛮顺畅	0,3 1
不过我用的是理光手动标头很难做到对焦准确	16,18 -1
硬件一流没什么说了	0,2 1
数字键和符号键的键位比较宽松	8,10 1
自动对焦能力也不错	0,6 1
说明书不详细	0,3 -1
上网速度应该是我见过速度最快的了	0,4 1
造型独特	0,2 1
输入速度很快	0,4 1
还可以使用导航键很方便的调节取景亮度	5,8 1
短信中英文切换麻烦	0,2 -1
铃声演绎声音细腻	4,6 1
边角过度均匀而且圆润	0,2 1
万像素摄像头功能还可以	3,8 1
电池待机时间不尽人意	0,6 -1
的外观的确是最大亮点了	1,3 1
音量键的用途非常丰富	0,3 1
摄像头那地方的设计太烂了	0,3 -1
电池待机时间够长	0,6 1
屏幕显示效果很好	0,6 1
另外待机方面还算中规中矩	2,4 1
由于这款手机内置丰富的拍摄软件功能	11,17 1
待机时间还行	0,4 1
分辨率很高	0,3 1
手感更好	0,2 1
来电防火形同虚设	0,4 -1
配置较主流	0,2 1
电池非常不经用	0,2 -1
超长待机铃声很大	2,4 1
至少本人觉得外观比好看	6,8 1
在千元左右的手机中摩托罗拉算是功能齐全的低价位手机	15,17 1
长达秒的录音功能可记录下用户最真实的声音	4,8 1
外放音量偏小	0,4 -1
话音清晰饱满	0,2 1
使用起来发热没有控制好	4,6 -1
效果很差	0,2 -1
肤色偏黄	0,2 -1
很多人觉得造型很怪异	5,7 -1
显示速度也很快	0,4 1
但是用手机网络就很慢了	3,7 -1
手机转轴的力度和紧密程度都不错	0,7 1
手感不错	0,2 1
声音也清澈	0,2 1
机器反映慢	0,4 -1
拍照功能无与伦比	0,4 1
加上底部精细的透音孔	7,10 1
细节也不错	0,2 1
内存控制比好	0,4 1
铃声优美动听机身内置了首悦耳动听的和弦铃声以及种信息提示音	0,2 1
外观设计的不错	0,4 1
圆润光滑的边角工艺	5,9 1
背面很山寨	0,2 -1
机器反映慢	0,4 -1
电池部位就特别热	0,4 -1
屏幕我感觉比要好	0,2 1
手感很好	0,2 1
对焦速度比较难	0,4 -1
广播音质都特别好	0,4 1
手机质量很好	0,4 1
感觉音质没有我的好	2,4 -1
由于机的软件慢	4,6 -1
手机会有比较明显的爆音现象	9,13 -1
电话没有觉得不方便	0,2 1
自带输入法联想功能很强的	0,9 1
海尔手机具有级对比度调节功能和独特的手机多画成像技术	18,26 1
随着的渐渐老迈及落伍	-1,-1 -1
而且小了一点	-1,-1 -1
小的可怜的屏幕	5,7 -1
在亮度对比度等方面的指数都很出色	1,3 1
画面清晰恢宏	0,2 1
整个的功能按键的面积也比较小	3,10 -1
输入字体太小	0,4 -1
整部机上按键排列整齐	4,6 1
各部分设计合理	3,5 1
但显示还算细腻	1,3 1
听筒的音量比较小	0,5 -1
外屏色彩虹来电显示灯非常漂亮	5,10 1
很艳丽	-1,-1 1
但操作性较差	1,4 -1
可能屏小	2,3 -1
音质还是非常给力的	0,2 1
的体积握起来手感还是不错的	1,3 1
对焦速度慢	0,4 1
感觉比要好	-1,-1 1
同时具有丰富的短信息联想功能	7,14 1
视频图像也很清晰	0,4 1
音色纯正而丰富	0,2 1
电池其实挺抗用的	0,2 1
参数平平	0,2 -1
聚焦速度还是不错	0,4 1
尺寸非常合适	0,2 1
万像素的摄像头功能比较齐全	4,9 1
第一感受做工不是很精细	4,6 -1
玩游戏发热也比较严重	3,5 -1
操作简便	0,2 1
待机时间短	0,4 -1
电池做得不好	0,2 -1
感觉就是动画漂亮了	4,6 1
快门声音变清脆多了	0,4 1
安卓应用体验还不错	4,6 1
声场还是有些局促	0,2 -1
独特的外观设计也是小的亮点之处	3,7 1
但是的键盘实在是有些太小了	3,5 -1
内容也相当丰富	0,2 1
第二原机自带的耳机表现真心不好	7,9 -1
俱备较高的万像素摄像头	8,11 1
最出色色彩还原的出错率最低	-1,-1 1
按键设计非常经典	0,4 1
缺点像素太高了	2,4 -1
流量很费	0,2 -1
其独特的反转轴设计更符合人机工程学	4,9 1
操作起来更方便	0,2 1
快的连过度动画都不完整	5,7 -1
这样的性价比还算不错了	3,6 1
而且整体的造型更为圆滑	2,7 1
的体积和机身重量算是小巧类了	1,3 1
而且效果很好	2,4 1
似乎无敌兔的也不如方便	-1,-1 -1
安全保密性好	0,5 1
精妙独特的外形设计	5,9 1
可玩性还是挺高的	0,3 1
其实诺基亚最大的看点就是他全新的技术	16,18 1
上网速度可以	0,4 1
重量不是很重	0,2 1
音乐播放比我的音效更好	0,4 1
拍出的画面会有模糊的感觉	3,5 -1
也是最不人性化的设计	8,10 -1
通话质量高	0,4 1
颗粒感依旧明显	0,3 -1
表现优秀	-1,-1 1
外形比较漂亮我很欣赏的外形	0,2 1
待机强悍	0,2 1
可玩性强	0,3 1
哎系统虽好	1,3 1
扩展性一般	0,3 -1
但是屏幕实在不堪入目	2,4 -1
自带耳机听歌音质还可以	2,4 1
但是有些软件同类软件做的不如苹果细致	4,6 -1
所以在好看的亮度外表下	8,10 1
软件比较稳定	0,2 1
屏幕分辨率较低	0,5 -1
来去电背景难看死了	0,5 -1
强大的电话簿功能	3,8 1
对手机最重要最基本的通讯功能处理的非常过硬	10,14 1
达到最佳音乐播放效果	4,10 1
多普达整机外形圆润	5,7 1
铃声的效果令人感到满意	0,5 1
内存小	0,2 -1
而且各个按键间隔都比较的大	4,8 1
效果还是不错的	0,2 1
系统比较流畅	0,2 1
音效方面自己感觉还可以吧	0,4 1
声音清晰	0,2 1
电话簿内容丰富	0,5 1
但是个人感觉的呼吸灯没有那么优雅	7,10 -1
电池使用很心痛	0,2 -1
功能也很贴心	0,2 1
导航键漂亮且手感很好	0,3 1
屏幕效果方面都比较令人满意	0,6 1
操作系统好看	0,4 1
速度很流畅	0,2 1
录音功能很不错	0,4 1
照相方面色彩比较好	4,6 1
内置天线的设计使得外观更显清新简洁	9,11 1
软件人性化	0,2 1
要比方便	-1,-1 1
音色出众	0,2 1
成像效果非常不错	0,4 1
电话本管理上不尽人意	0,5 -1
总的来说是一款性价比很高的双核双卡双待联通手机	7,10 1
设计出色	0,2 1
快门比家的好许多	0,2 1
效果非常不错	0,2 1
晚上拍照比较吃力	2,4 -1
带的收音机也很好用	2,5 1
色彩过渡自然	0,2 1
导致屏幕视觉效果不佳	4,8 -1
屏幕的图像依然清晰可见	0,5 1
机器配置可以	0,4 1
到目前为止其表现堪称完美	-1,-1 1
主流时尚的蓝牙	5,7 1
通话记录更为详细	0,4 1
软件十分丰富	0,2 1
这手机的铃声穿透力强	4,9 1
其软件确实也多	1,3 1
在强光下拍摄出的图片有点偏色	8,10 -1
铃声效果清脆动听	0,4 1
且耗电量忒大	1,4 -1
机器很美很漂亮	-1,-1 1
键位也编排的不错	0,2 1
软件的运行是流畅的	0,5 1
手机外观虽然不过时	0,4 1
简洁的流线型设计银翼合金外壳质感配以可度旋转的折叠式前盖	6,8 1
本人的机器信号不是很强	5,7 -1
电池待机时间太短	0,6 -1
游戏运行好	0,4 1
体验感虽好	0,3 1
电池续航能力差	0,6 -1
听筒实在不敢恭维	0,2 -1
软件不全面待完善还可以接受	0,2 -1
这款手机还是不错的	-1,-1 1
这也是非常人性化的设计	9,11 1
电池使用时间太短	0,6 -1
价格便宜	0,2 1
运行流畅	0,2 1
手机配置均衡	2,4 1
出来的片子更糟	3,5 -1
音质还不错	0,2 1
死机多	0,2 -1
手感和屏幕效果也还可以	0,2 1
屏幕太小	0,2 -1
色彩明艳	0,2 1
对焦相当靠谱的	0,2 1
手机电池不耐用虽然是接近毫安的电池	2,4 -1
部分机子的外壳之间的连接处缝隙过大	10,15 -1
稳定性照电子快门线和遥控器差的多	0,3 -1
游戏的娱乐性不强	0,6 -1
按键不大方便	0,2 -1
所以待机时间很短	2,6 -1
声音也很大	0,2 1
除了继承了出色的机身设计操控手感的大光圈定焦微距等特点外	8,12 1
外表的质感也比较上乘	0,5 1
为欣赏音乐电影创造美妙的音质	12,14 1
如果上市价格便宜一点	4,6 -1
该机有很多人性化的功能	9,11 1
虽然尺寸不大	2,4 -1
系统整体上很流畅	0,2 1
构图也不难	0,2 1
质量过硬	0,2 1
做工出色	0,2 1
手机反应速度慢	2,6 -1
其附件做工同样厚道	1,5 1
机身质量比我想象中的好得多	0,4 1
价格太高	0,2 -1
的铃声个人觉得还是相当大了	1,3 1
手机的反应速度没有以前快	3,7 -1
长度和厚度均比要小点	0,2 1
而且速度挺快的	2,4 1
屏幕做的比较好	0,2 1
一是屏大靓丽	2,3 1
声音效果出色	0,4 1
应用数量少而且质量差	0,2 -1
外放非常烂	0,2 -1
性价比比较高	0,3 1
说道这个机子慢	-1,-1 -1
文字细腻	0,2 1
软件的速度很快	0,5 1
的功能很强大	1,3 1
音质效果一般	0,4 -1
配置太少	0,2 -1
感觉摩托罗拉这个机子除了外观好看之外适合女孩子用	12,14 1
屏幕虽不细腻	0,2 -1
但适应后输入很快	4,6 1
机器底部圆弧过大	0,6 -1
和旋铃声假的让人倒胃口	0,4 -1
短信输入慢	0,4 -1
造型简约大方	0,2 1
该机的录音功能也挺不错	3,7 1
机身做工还可以	0,4 1
这个还是技术不够硬的缘故吧	4,6 -1
短信功能方便	0,4 1
音质偏差	0,2 -1
对焦果断	0,2 1
细抠的话可能快一点点	-1,-1 1
打电话声音清晰	3,5 1
速度是很快	0,2 1
图像细节再现细腻	0,4 1
较高的性价比我们也不能忽视	3,6 1
手感真的是一流	0,2 1
显示细腻	0,2 1
音量调节过大	0,4 -1
整体的表现并不是非常出色	0,5 -1
外观设计的还算不错	0,4 1
视频录像时的音效很坑爹	0,8 -1
总结外形无可匹敌	2,4 1
触摸感也非常流畅	0,3 1
的连通性比较好	1,4 1
系统的反应速度会又慢一点	0,7 -1
键盘等区域分布的整整有序	0,2 1
对焦很快	0,2 1
分辨率超高	0,3 1
整体的连贯性能表现出色	3,7 1
同时具有丰富的短信息输入联想功能	7,16 1
功能比较齐全	0,2 1
电池待机时间短	0,6 -1
手机电池不耐用	2,4 -1
而且此款手机存在很多缺陷	4,6 -1
超薄的机身比还要出色不少	3,5 1
这款手机的转轴的紧密性表现出色	5,11 1
同时颜色过度自然真实	2,4 1
附带的耳机也不好	3,5 -1
三款游戏的娱乐性不错	5,8 1
不过的对焦速度是最快的	3,7 1
加入了更多的时尚元素金属质感极强的机身更加优秀的显示屏幕	17,19 1
运行起来不算是特别流畅	0,2 -1
在系统的操作上没有感觉比差	1,6 1
的机身内存够用了	3,5 1
画面很炫	0,2 1
查电话号码不方便	1,5 -1
屏幕不赖	0,2 1
拍照效果还是很给力的	0,4 1
音量较大	0,2 1
就是感觉三星的屏幕有些太艳丽了	7,9 1
手机自带的铃声不好听	5,7 -1
的三围尺寸以及的适中重量	10,12 1
屏幕还是很赞的	0,2 1
功能拍摄风景很实用	0,2 1
界面设计的很好	0,4 1
立体感强劲	0,3 1
图象完全看不清楚	0,2 -1
大屏幕	1,3 1
蓝牙耳机使用简单	0,4 1
但声音很小	1,3 -1
内置铃声的音量也比较大	5,7 1
短信输入麻烦	0,4 -1
缺点尺寸是有点大	2,4 -1
画质细腻并可冲印成照片而毫不逊色	0,2 1
音响十足	0,2 1
但整体性能还有所不足	1,5 -1
拥有了更高的像素	6,8 1
第二就是系统的可操作性很好很强大	4,11 1
菜单反映速度快	0,6 1
它标配的锂离子电池很好用	7,9 1
索尼手机外形偏厚	4,6 -1
的整体外形典雅大方	1,5 1
按键流畅	0,2 1
的闹钟功能也很实用	1,5 1
电信定制的软件太多	5,7 -1
除了亮度高	2,4 1
导航键盘的设计过小	0,7 -1
超大屏幕占据了机身一半的位置	2,4 -1
优点反应速度在同时代手机系列等系列中傲居榜首	2,6 1
手感好	0,2 1
做工令人满意	0,2 1
图片显示超慢	0,4 -1
做工屏幕显示绝对没我索爱好	0,2 -1
彩屏效果不错	0,4 1
好处之二就是更高的分辨率	9,12 1
不过手机确实蛮好看的	-1,-1 1
即使是晚上的照片都是清晰的	6,8 1
而且亮度也很高	2,4 1
该机可玩性非常高	2,5 1
音域宽广自然	0,2 1
反正索尼的手机拍照的成像效果都不怎么样	7,14 -1
系统自带的一些软件很不错	7,9 1
整体感觉性价比不错	4,7 1
灵敏度高	0,3 1
屏幕表现力依旧不足采用的依旧是传统的的屏幕分辨率	0,5 -1
软件反映速度较快	0,6 1
寸的屏幕可以说是小最让人遗憾的硬件缺憾了	2,4 -1
的的确很清晰	-1,-1 1
这样的配置使得手机在铃声的表现力方面还是比较的丰富多彩的	10,16 1
色彩艳丽程度以及灵敏度都无可挑剔	0,6 1
手机采用了简约的直板式机身设计	11,15 1
但速度绝对比红外要快	1,3 1
速度比要快	0,2 1
屏幕大	0,2 1
输入法简单好用	0,3 1
用了几天感觉这部机器的待机时间不长	11,15 -1
比的优点是防抖极强	5,7 1
应用病毒广告很多	0,6 -1
容量超大	0,2 1
开机够快	0,2 1
屏幕分辨上略胜一筹	0,4 1
个人觉得还是不错	-1,-1 1
做工很好	0,2 1
人脸识别识别率木有手机或者强	0,4 -1
手机的金属感真的是很棒	0,6 1
操控手感不错	0,4 1
地图很糙	0,2 -1
屏幕白色背景屏幕颜色不均匀	6,10 -1
整体做工精良	0,4 1
不错的配置除去	3,5 1
外形够有型	0,2 1
对焦点选择不是很方便	0,3 -1
同时在数据传输上使用了简易方便的红外接口	16,20 1
优良的烤漆工艺	5,7 1
应该是比较好的	-1,-1 1
通话声音不是很稳定	0,4 -1
听歌和收音机很爽	0,2 1
这样的功能还是十分实用的	3,5 1
方方正正	-1,-1 -1
色彩饱和度很好	0,5 1
操作系统反映速度很慢	0,8 -1
性价比高	0,3 1
同时三星发信息的速度比较诺基亚速度快了很多	4,10 1
个人认为实用性不大	4,7 -1
总结下很好	-1,-1 1
其他的按键一律为很粗糙的那种	3,5 -1
屏幕增大	0,2 1
外形设计真的很成功	0,4 1
电池个人完全够用了	0,2 1
可视角度根本不是那些照片和黑子说的那样糟糕	0,4 1
整体感很强	0,3 1
游戏场景单调	0,4 -1
整体外观显得比较柔和	0,4 1
鱼鳞状透明键盘虽然好看	5,7 1
机器的工程塑料手感滑溜	7,9 1
整体的操控性能表现平平	0,7 -1
信号不错	0,2 1
音质方面绝对不会比好	0,2 -1
音质效果的表现还是相当的不错的	0,4 1
整体的层次感非常强	0,6 1
音色纯正而丰富	0,2 1
游戏的可玩性不高	0,6 -1
摄像头逆天了	0,3 1
不过耳机的包装不错	2,7 1
运算快	0,2 1
处理器还算给力	0,3 1
存储空间不大	0,4 -1
的铃声表现也相当不错	1,5 1
实际情况是的用户体验远远好于	6,10 1
但实用性下降了	1,4 -1
速度真的没的快	0,2 -1
机子太大了点	-1,-1 -1
屏幕好	0,2 1
英汉词典分级查译功能虽然很简单	8,10 1
优点太多了	-1,-1 1
感觉按键表面并不是很平	2,6 -1
价格贵不少	0,2 -1
拍照在暗处表现一般	0,2 -1
操作不方便	0,2 -1
彩屏稍偏暗些	0,2 -1
屏幕很柔和	0,2 1
从原理上解释了洞妖的高感能力为啥要比小五好些个	10,14 1
保持了机身整体外观浑然一体	5,9 1
毕竟人家的防水技术已经相当成熟了	5,9 1
导航键的面积设计的也很小	0,6 -1
在屏幕方面这样的配置也算是较高了	8,10 1
放大以后感觉拍照效果也不错	6,10 1
效果优秀	0,2 1
比还快很多	-1,-1 1
不过机身上的几个按键的设计本人并不喜欢	8,13 -1
充电很快	0,2 1
使用非常人性化	0,2 1
主要是因为这两个头性价比很高	9,12 1
但是很讨嫌界面发黄和死板的时间界面显示	13,19 -1
侧滑非常牛	0,2 1
颜色挺鲜艳的	0,2 1
感觉开关拧到距离过长	2,4 -1
操作巨爽	0,2 1
靓丽的外形	3,5 1
发短信同时可以加上本机附带的图标动画和铃声也是好有创意的	14,18 1
大小比例也设计的好	0,4 1
而内屏在外观设计上也很让人心动	4,8 1
屏幕大了	0,2 1
而且屏幕的亮度也有些欠缺	2,7 -1
但使用起来发现效果也还算不错	7,9 1
整体亮度也略显不足	2,4 -1
索爱手机的设计师设计出来的界面让人十分的恶心	13,15 -1
缺点铃声震动感太小	2,7 -1
但是屏幕对颜色的还原特别到位	2,4 1
字体显示清晰	0,4 1
在亮度对比度等方面的指数都很出色	1,3 1
传输速度理想	0,4 1
方便于携带的同时还带来良好的手感	14,16 1
屏幕分辨率确实低	0,5 -1
机身小真省劲啊	0,2 1
的拍摄的功能比起有了长足的进步	1,6 1
和弦铃声且铃声雄厚有力	5,7 1
出头性价比无敌	2,5 1
成像不够锐利	0,2 -1
感觉界面很漂亮	2,4 1
快捷键设计的很方便	0,5 1
大家都看到了体积偏大说它笨重言不为过	6,8 1
的全钢机身带来的是无与伦比的重量	14,16 1
可是拍照质量不怎样	2,6 -1
都说飞离谱的手机的电池很耐用	9,11 -1
屏幕清晰之外	0,2 1
其音乐播放能力自是不容忽视的	1,7 1
内存容量在现在手机里来说是偏小	0,4 -1
其他的如多重曝光等等功能都很强大	4,8 1
觉得的设计很奇怪也不好看	3,5 -1
自动关机功能和关机闹铃功能都很实用	0,6 1
看视频很棒了	1,3 1
内存太小	0,2 -1
较简单的操控要求	4,8 1
游戏的连贯性也表现一般	0,6 -1
大屏幕用起来就是一个字爽	1,3 1
图像刷新率很高	0,5 1
铃声音量偏小	0,4 -1
本机采用主流的和弦铃声	7,11 1
铃声种类丰富多彩	0,4 1
突出的键盘	3,5 1
铃声够大	0,2 1
铃声实在太小	0,2 -1
信号没传说那么给力	0,2 -1
拍摄的画面还不错	3,5 1
转轴部分的设计也非常考究	0,7 1
对于构图非常不利	2,4 -1
说明他的电子设计和技术较低端	4,8 -1
不过手机铃声的穿透力倒是蛮强的	2,10 1
操作起来不是很舒适	0,2 -1
速度非常快	0,2 1
用跟索尼对比拍照居然没有的效果好	-1,-1 -1
启动对焦成像都是一流的	0,2 1
选料上乘	0,2 1
脑海里始终浮现着曾经的彪悍的外形	14,16 1
由于图像表现出色	2,4 1
高感还是不错的	0,2 1
机身线条流畅明快	0,4 1
寸屏幕很漂亮啊	1,3 1
手机的核处理器发热控制还好	7,11 1
屏幕大看着感觉挺商务的	0,2 1
而且色彩也要比更加艳丽	2,4 1
该机有良好的数据扩展功能	6,12 1
自带的界面很美观	3,5 1
平滑的直线与弧线的结合让手机的机身流露出稳健与干练的气质	12,17 1
待机时间较短	0,4 -1
所以上手比较容易	2,4 1
